{
  "info": {
    "name": "EduTrack API",
    "schema": "https://schema.getpostman.com/json/collection/v2.1.0/collection.json"
  },
  "item": [
    {
      "name": "Register (student)",
      "request": {
        "method": "POST",
        "header": [],
        "body": {
          "mode": "raw",
          "raw": "{\n  \"name\": \"Test Student\",\n  \"email\": \"test@edutrack.test\",\n  \"password\": \"Password123!\"\n}"
        },
        "url": {
          "raw": "{{baseUrl}}/api/v1/auth/register",
          "host": [
            "{{baseUrl}}"
          ],
          "path": [
            "api",
            "v1",
            "auth",
            "register"
          ]
        }
      }
    },
    {
      "name": "Login",
      "request": {
        "method": "POST",
        "header": [],
        "body": {
          "mode": "raw",
          "raw": "{\n  \"email\": \"admin@edutrack.test\",\n  \"password\": \"Password123!\"\n}"
        },
        "url": {
          "raw": "{{baseUrl}}/api/v1/auth/login",
          "host": [
            "{{baseUrl}}"
          ],
          "path": [
            "api",
            "v1",
            "auth",
            "login"
          ]
        }
      }
    },
    {
      "name": "List Courses",
      "request": {
        "method": "GET",
        "header": [
          {
            "key": "Authorization",
            "value": "Bearer {{token}}"
          }
        ],
        "url": {
          "raw": "{{baseUrl}}/api/v1/courses",
          "host": [
            "{{baseUrl}}"
          ],
          "path": [
            "api",
            "v1",
            "courses"
          ]
        }
      }
    },
    {
      "name": "Create Course",
      "request": {
        "method": "POST",
        "header": [
          {
            "key": "Authorization",
            "value": "Bearer {{token}}"
          }
        ],
        "body": {
          "mode": "raw",
          "raw": "{\n  \"code\": \"CS201\",\n  \"title\": \"Algorithms\",\n  \"department_id\": 1,\n  \"credits\": 4\n}"
        },
        "url": {
          "raw": "{{baseUrl}}/api/v1/courses",
          "host": [
            "{{baseUrl}}"
          ],
          "path": [
            "api",
            "v1",
            "courses"
          ]
        }
      }
    },
    {
      "name": "Add Grade",
      "request": {
        "method": "POST",
        "header": [
          {
            "key": "Authorization",
            "value": "Bearer {{token}}"
          }
        ],
        "body": {
          "mode": "raw",
          "raw": "{\n  \"grade\": \"A\",\n  \"marks\": 92\n}"
        },
        "url": {
          "raw": "{{baseUrl}}/api/v1/courses/enrollments/1/grades",
          "host": [
            "{{baseUrl}}"
          ],
          "path": [
            "api",
            "v1",
            "courses",
            "enrollments",
            "1",
            "grades"
          ]
        }
      }
    },
    {
      "name": "Student Report JSON",
      "request": {
        "method": "GET",
        "header": [
          {
            "key": "Authorization",
            "value": "Bearer {{token}}"
          }
        ],
        "url": {
          "raw": "{{baseUrl}}/api/v1/reports/student/1?format=json",
          "host": [
            "{{baseUrl}}"
          ],
          "path": [
            "api",
            "v1",
            "reports",
            "student",
            "1"
          ],
          "query": [
            {
              "key": "format",
              "value": "json"
            }
          ]
        }
      }
    }
  ],
  "variable": [
    {
      "key": "baseUrl",
      "value": "http://localhost:3000"
    },
    {
      "key": "token",
      "value": ""
    }
  ]
}