{
  "info": {
    "name": "TaskFlow API Final",
    "schema": "https://schema.getpostman.com/json/collection/v2.1.0/collection.json"
  },
  "item": [
    {
      "name": "Register",
      "request": {
        "method": "POST",
        "header": [],
        "body": {
          "mode": "raw",
          "raw": "{\"name\": \"Admin\", \"email\": \"admin@taskflow.test\", \"password\": \"Password123!\"}"
        },
        "url": {
          "raw": "{{baseUrl}}/api/v1/auth/register",
          "host": [
            "{{baseUrl}}"
          ],
          "path": [
            "api",
            "v1",
            "auth",
            "register"
          ]
        }
      }
    },
    {
      "name": "Login",
      "request": {
        "method": "POST",
        "header": [],
        "body": {
          "mode": "raw",
          "raw": "{\"email\": \"admin@taskflow.test\", \"password\": \"Password123!\"}"
        },
        "url": {
          "raw": "{{baseUrl}}/api/v1/auth/login",
          "host": [
            "{{baseUrl}}"
          ],
          "path": [
            "api",
            "v1",
            "auth",
            "login"
          ]
        }
      }
    }
  ],
  "variable": [
    {
      "key": "baseUrl",
      "value": "http://localhost:4000"
    },
    {
      "key": "token",
      "value": ""
    }
  ]
}